serie,adf_stat,p_verdi,brukte_lags,n_obs,kritisk_1pct,kritisk_5pct,stasjonaer
rå,-5.0112605819112135,2.1082051058614943e-05,5,202,-3.4631437906252636,-2.8759570379821047,True
differensiert (1. ordens),-8.1749404165804,8.426367254078615e-13,6,200,-3.463476079125,-2.876102355,True
sesongdifferensiert (s=5),-5.355060623145856,4.2066863291693835e-06,8,194,-3.4645146202692527,-2.8765564361715534,True
